﻿IDrequest;startDate;orgTechTypeID;orgTechModel;problemDescryption;requestStatusID;completionDate;repairParts;masterID;clientID
1;06.06.2023;1;DEXP Aquilon O286;Перестал работать;1;;;2;7
2;05.05.2023;1;DEXP Atlas H388;Перестал работать;1;;;3;8
3;07.07.2022;2;MSI GF76 Katana 11UC-879XRU черный;Выключается;2;01.01.2023;;3;9
4;02.08.2023;2;MSI Modern 15 B12M-211RU черный;Выключается;3;;;;8
5;02.08.2023;3;HP LaserJet Pro M404dn;Перестала включаться;3;;;;9
